{"cameraMode":{"drawMode":0,"name":"Shaded","section":"Shading Mode"},"sceneLighting":false,"audioPlay":false,"sceneViewState":{"m_AlwaysRefresh":false,"showFog":false,"showSkybox":false,"showFlares":false,"showImageEffects":false,"showParticleSystems":false,"showVisualEffectGraphs":true,"m_FxEnabled":true},"in2DMode":false,"pivot":{"x":0.015408515930175782,"y":1.9587321281433106,"z":-0.009554505348205567},"rotation":{"x":-0.08201519399881363,"y":0.37924641370773318,"z":-0.033766135573387149,"w":-0.9210482835769653},"size":2.988241672515869,"orthographic":false}